lineage_3,log2FC Large/Lung,log2FC Giant/Large,log2FC Small/Giant,transformed_pval,adjusted_p_values_BC2,adjusted_p_values_bh2,adjusted_p_values_by2
2-aminoadipate,0.025379458045938937,0.013391127747494996,-0.008005413983900077,1.0921797660421595,-0.0,0.8983597400260467,0.12053167840141435
3-phosphoglycerate,0.03181175620145012,0.009279131350578812,-0.0834406037445201,2.951213249598405,0.5990307314870428,2.4966578227774843,1.7188297611528518
alpha-glycerophosphate,0.051095507804444315,0.12067767349083534,-0.17930021481165154,1.8550193710828222,-0.0,1.548159831758117,0.7703317701334848
4-pyridoxate,-0.04033748173175989,0.0385971333974435,0.036429486190455176,1.5799465304272635,-0.0,1.310549382632351,0.5327213210077189
aconitate,0.01603441004787592,-0.01987781716081734,-0.0630311866202946,5.767779889057559,3.4155973709461964,4.551635972284411,3.7738079106597793
adenine,-0.002532397903040627,-0.0156822256021297,0.038318541806147785,0.7572512543620619,-0.0,0.6277852073982827,-0.0
adipate,-0.02142734297715502,0.04155390633036056,-0.011379794705856597,0.7294148945328052,-0.0,0.6051190810351162,-0.0
alpha-ketoglutarate,0.00830307199894888,-0.05431943645520798,0.004250714695229459,2.59339052024403,0.24120800213266766,2.1905980087775805,1.412769947152948
AMP,0.020994770455058386,0.00492437193998491,0.07896422461944012,6.077068848783226,3.7248863306718634,4.724886330671864,3.947058269047231
citrate,0.014585650147879877,0.005673817173334523,-0.07155024963347338,3.1123534723130057,0.7601709542016433,2.623493814322099,1.845665752697467
isocitrate,0.024331282369338555,0.004990547883292295,-0.0828543032464844,4.698410287331855,2.3462277692204934,3.851377747540399,3.0735496859157667
CMP,0.04696799201772969,-0.002795640989477732,0.04022135881150347,5.560170297303756,3.207987779192394,4.4675041159575075,3.689676054332875
cystathionine,0.08858697656816814,-0.06165605919725526,0.1338584618321029,7.677419999264424,5.325237481153062,5.927297472481024,5.149469410856391
cytidine,-0.011104469871402772,0.06409471052672096,0.02710112425161197,2.8775187631695593,0.5253362450581966,2.4391500974419134,1.661322035817281
dCMP,0.027214055146594397,-0.0184087739045819,0.04918264482588491,3.925327151768517,1.5731446336571546,3.2359024653387287,2.4580744037140962
DHAP/glyceraldehyde 3P,0.03391127959248101,0.033693037371783294,-0.1179000741988961,2.983957884656599,0.6317753665452365,2.5182660917177184,1.740438030093086
erythrose-4-phosphate,0.03456161244155542,-0.050105864440577595,-0.0007930143323672445,1.9281163632183762,-0.0,1.6093576005939634,0.8315295389693312
F1P/F6P/G1P/G6P,0.04881697228938487,-0.0744884452984618,-0.0059943113658226825,3.1737197421134624,0.8215372240021,2.669875047632966,1.8920469860083335
hexoses (HILIC neg),-0.023267636852418776,-0.0569615921367142,0.007210782392739364,1.2616670779708685,-0.0,1.0365893582243135,0.2587612965996813
fumarate/maleate/alpha-ketoisovalerate,-0.0058695306065953915,0.04695990955962887,-0.04705103078418509,0.5181468166552643,-0.0,0.4331360269469156,-0.0
glucuronate,-0.004720230989462587,0.0005938723729922274,-0.04728011446946229,4.512389402866736,2.1602068847553735,3.7220037136498068,2.9441756520251747
glutathione oxidized,0.0031179440172550395,0.03874928860093127,-0.12552147888202245,4.59304163478953,2.240859116678167,3.7723380337204224,2.99450997209579
glutathione reduced,0.00663459031162219,0.004979923104051906,-0.06738240970398006,2.642541679700626,0.29035916158926367,2.2315025962583457,1.4536745346337134
GMP,0.0417476943006589,-0.04837051405334697,0.06732472509629567,2.1304386466775647,-0.0,1.7868563003281195,1.0090282387034872
guanosine,0.08160930855381565,-0.10597796164269295,0.08253391274436293,2.3062495715564197,-0.0,1.940838787711302,1.1630107260866698
hippurate,-0.03396259397993831,0.013780173144166212,-0.05072615367262223,3.3080979854842085,0.9559154673728459,2.7754594029147146,1.9976313412900824
hypoxanthine,-0.05364986573576138,-0.0917669973424869,0.21797314920084468,2.9566293433972546,0.6044468252858922,2.4966578227774843,1.7188297611528518
inosine,0.03660159700006222,-0.03683803429734256,0.08814102464834475,5.6935656499025535,3.3413831317911913,4.517474390846872,3.73964632922224
kynurenine,0.05592051080739305,-0.10102989349343208,0.0756153780802673,2.6581897214879127,0.30600720337655,2.235426129090843,1.4575980674662106
lactate,0.01026486653231041,-0.045620118426496874,-0.04036746414361,6.25019732074608,3.8980148026347177,4.820887449804967,4.043059388180335
lactose,0.027663552462841724,-0.12926768448797163,0.023141510976985396,2.107387253277332,-0.0,1.778330369732803,1.0005023081081708
malate,-0.00228739043186255,0.05679155886769414,-0.06668518960526074,0.49383041209758954,-0.0,0.41116083820414334,-0.0
NAD,0.02553227052509868,-0.07661460389637331,0.0020357962758522866,3.861886029325191,1.5097035112138282,3.199899591242342,2.4220715296177096
NADP,0.0022674788842432948,-0.02064447152444611,-0.037027424613850175,1.6885235030510195,-0.0,1.4045268466858187,0.6266987850611864
oxalate,-0.019864596629328178,0.07021363434223742,0.02134470061331388,9.793267380451972,7.4410848623406105,7.4410848623406105,6.6632568007159785
pantothenate,0.028212608495466304,-0.046548915104941614,0.06791026206879762,1.7655982015210598,-0.0,1.474113523763309,0.6962854621386767
PEP,0.03438836768216414,-0.02219238565929255,-0.020688296940998097,0.4823517456827389,-0.0,0.4105226438904497,-0.0
ribose-5-P/ribulose5-P,0.055141427480982504,-0.0469827471251269,-0.04167771277771303,2.365975982842944,0.01379346473158141,1.9869213183312802,1.2090932567066477
sorbitol,-0.029287205875590545,-0.04397593625904389,-0.029256495480119125,6.910935790172139,4.558753272060776,5.257723276396795,4.479895214772163
succinate/methylmalonate,-0.005483425022271167,0.014364305269589244,-0.06041021046391258,3.91407475914807,1.5618922410367078,3.2339900989724253,2.456162037347793
sucrose,0.031123830963131288,-0.07827225581440725,0.03776280337324363,0.19713086733733812,-0.0,0.17738680914158095,-0.0
thymine,0.025979064671495238,-0.01644835240611496,0.008131122747073364,0.31068789073704506,-0.0,0.27002052248243325,-0.0
UMP,0.014233021162216268,0.040750794975671016,0.028434887462637795,3.154037653898359,0.8018551357869967,2.6591876322182655,1.881359570593633
UDP-galactose/UDP-glucose,0.021315647777092175,-0.026902762703315868,-0.06825360063546139,6.270654881234077,3.918472363122715,4.820887449804967,4.043059388180335
uracil,-0.013411337599083039,0.055416216691647105,-0.12668023424561034,4.237047913159293,1.8848653950479297,3.5081146854458303,2.730286623821198
urate,-0.07227052947105465,0.04347148748530861,-0.10721413407451627,5.125859298229937,2.773676780118574,4.188650128089392,3.41082206646476
uridine,-0.03158074116247407,0.03292602839044539,-0.022747296360594582,0.29502146476518076,-0.0,0.2629852327648723,-0.0
xanthine,-0.019420575821096575,-0.03024519842399279,-0.043729132700333136,3.6401963979034067,1.2880138797920444,3.020407639615013,2.2425795779903805
taurocholate,-0.01029980157607705,-0.010963957193008373,0.027035567248686727,0.08246133767204289,-0.0,0.07663179401131903,-0.0
glycodeoxycholate/glycochenodeoxycholate,-0.02606252236281731,0.018096978610582324,-0.0221810317124,1.3519150136475697,-0.0,1.1069424651840756,0.32911440355944327
taurodeoxycholate/taurochenodeoxycholate,-0.0406434777898848,0.00999849448116473,-0.09828219172027647,4.193702500653502,1.8415199825421391,3.4749884381217258,2.6971603764970933
phosphocreatine,0.0986203829959751,-0.01490800913854234,-0.09848100248751084,1.2493244275959023,-0.0,1.027475677979546,0.24964761635491373
3-methyladipate/pimelate,-0.010666811272651152,0.04659122098014276,-0.0024288048573262973,4.682069749277449,2.3298872311660865,3.848401171043974,3.070573109419342
6-phosphogluconate,-0.020568599088380792,0.05822672780145934,-0.041735511388794444,0.1870245391808043,-0.0,0.16929577222037265,-0.0
alpha-hydroxybutyrate,-0.003536739707370004,0.003917788684455096,0.06088671884624266,7.723793532734429,5.371611014623066,5.927297472481024,5.149469410856391
2-hydroxyglutarate,-0.008450899324374985,-0.004528330799686786,0.04110893135691561,0.48772752966897087,-0.0,0.4107476360868236,-0.0
inositol,0.061895328213038,-0.04194725963939054,0.015898622839054785,2.933686308104897,0.5815037899935345,2.484593776985478,1.7067657153608458
malondialdehyde,0.001962356571331622,0.01899784406904621,-0.03248227266492516,0.13935750854944254,-0.0,0.12761910527819842,-0.0
glycine,0.012087481701749059,-0.04126227823320077,0.06357984461969693,1.080868015277876,-0.0,0.8930383529509506,0.11521029132631828
alanine,0.03285223346478144,-0.16823052414289927,0.1753782209646648,1.532938282249053,-0.0,1.2679186325882426,0.49009057096361036
serine,-0.10264408452582524,0.07165973430766219,0.04906515531189412,1.8394014690763736,-0.0,1.5364369736351928,0.7586089120105605
threonine,-0.016709748935010035,-0.03193095612225055,0.07888093996289458,0.48944936191896193,-0.0,0.4107476360868236,-0.0
methionine,-0.0483705220010121,0.008028453219460168,-0.03406326551784351,3.493732112397628,1.1415495942862657,2.9151723024864067,2.137344240861774
aspartate,-0.023467304610105044,0.08202127786742452,-0.04707063361669762,0.21916757870046075,-0.0,0.1973988339382891,-0.0
glutamate,0.015114799766591632,-0.004244137385351526,0.0018432294875957798,0.3104491795380414,-0.0,0.27002052248243325,-0.0
asparagine,0.024058808965782164,0.04238193134687414,-0.10081654696921769,1.1292310797543155,-0.0,0.9233619301032931,0.14553386847866087
glutamine,-0.08945617862889146,0.07534114690388842,0.014019821996989862,0.41961255401056496,-0.0,0.35298734490697625,-0.0
histidine,-0.041727529260620774,0.020355535307508374,-0.042708648321571924,2.9049043765468165,0.5527218584354542,2.461206877314104,1.6833788156894716
arginine,-0.023382801264769028,0.03654777709462822,-0.09829294315763538,5.263154259580685,2.9109717414693224,4.291182983180929,3.5133549215562963
lysine,-0.07550723513117567,0.002127230210224715,0.019482537225815694,2.1095265762179873,-0.0,1.778330369732803,1.0005023081081708
valine,-0.05850190936231961,-0.01417017114369137,0.05107602544235361,0.9395114155122077,-0.0,0.7776605955711368,-0.0
leucine,-0.046855678191925446,0.021697323431357975,-0.05782478966067932,4.361047381521588,2.008864863410225,3.6109248547381876,2.833096793113555
isoleucine,-0.05403895069503844,0.03414083661362496,-0.06473429957807698,4.4507563217848,2.0985738036734376,3.6783574002902477,2.9005293386656157
phenylalanine,-0.05237809141615332,-0.01006563665759895,-0.0006247188149464161,2.2903018068141576,-0.0,1.9293453643952903,1.1515173027706578
tyrosine,-0.043981680734283206,0.007423965102556841,-0.03297671720527715,3.0002630440136655,0.6480805259023029,2.528894118183094,1.751066056558462
tryptophan,-0.05674219358144372,0.01795352762172077,-0.008054696038624987,2.1052070225793953,-0.0,1.778330369732803,1.0005023081081708
proline,0.033362742727100395,-0.05699745288411493,0.0027461085342082546,1.4353444058908544,-0.0,1.1800719007875484,0.4022438391629161
cis/trans-hydroxyproline,-0.012213372693521947,0.09913191300410656,-0.12811636266996063,0.5247804725740572,-0.0,0.4374157774722313,-0.0
ornithine,-0.0292722604491917,0.04898010349333495,-0.06313491878404383,1.6486644851791756,-0.0,1.371511217710436,0.5936831560858039
citrulline,-0.02016262518056177,-0.000920493698609363,-0.047183408531062856,2.6513935250279927,0.2992110069166304,2.2337094581601984,1.455881396535566
taurine,0.02325672221140632,-0.04765438702879895,-0.005046373862518054,1.2103951557291106,-0.0,0.9980917240189847,0.22026366239435238
5-HIAA,-0.03260477018972582,0.044199713518429454,0.02806279067468777,2.701513338576594,0.34933082046523173,2.2736101065271135,1.495782044902481
serotonin,-0.02903293033488105,0.10014581324013247,-0.016879219642551062,1.8329298222914263,-0.0,1.5338257476634836,0.7559976860388513
GABA,0.02100694293186769,-0.07188510628392641,0.11133189899172365,1.1931534930466052,-0.0,0.9839857751893377,0.20615771356470544
acetylglycine,-0.00427501190750894,-0.021654349721166054,0.07435579540076921,3.8111084475350516,1.4589259294236894,3.157895933759708,2.3800678721350756
dimethylglycine,-0.026999279967855873,-0.009741963578472946,-0.03279293660731943,5.5409330331160405,3.188750515004678,4.4675041159575075,3.689676054332875
homocysteine,0.016637404577267745,-0.07188966183988574,0.021129861774947384,0.46755428430848606,-0.0,0.3986729949006732,-0.0
SDMA/ADMA,-0.013005862189573452,-0.005792679415943247,-0.055154826647981776,3.7287329651192485,1.3765504470078862,3.092553790642685,2.3147257290180527
NMMA,-0.011042902821661527,-0.0068805654863661825,-0.06582472494315715,4.5059845076941745,2.1538019895828118,3.7220037136498068,2.9441756520251747
allantoin,-0.03988182642674558,0.002070573398591948,-0.05569115834135972,5.973605246054588,3.621422727943226,4.662815413101451,3.8849873514768185
anthranilic acid,-0.02477037723925927,0.06575782622972366,-0.09428263590221088,1.9537594628117618,-0.0,1.6309607223856089,0.8531326607609766
kynurenic acid,-0.05586383149042974,0.028666194316854438,-0.12308167633685017,5.601255511207344,3.2490729930959814,4.476436312007479,3.698608250382847
5-adenosylhomocysteine,0.01637760710202191,0.06958328961328267,-0.03441003285128053,1.3541853815707772,-0.0,1.1069424651840756,0.32911440355944327
carnosine,-0.07112820015165318,0.010825689098154184,-0.037946147853459775,6.218827458477005,3.8666449403656427,4.820887449804967,4.043059388180335
N-carbamoyl-beta-alanine,0.0470509078207419,-0.09476589455380482,-0.0060227890428041185,1.3140843625085912,-0.0,1.079173140052993,0.3013450784283607
thiamine,-0.01917436184002508,-0.058277050869219735,0.05908264995596627,0.3905769862657736,-0.0,0.3306505395108871,-0.0
niacinamide,-0.028676657999708477,-0.007145955782872987,0.003321860503201468,0.6137789831335357,-0.0,0.5071091328363231,-0.0
betaine,0.003117774767435759,0.0034846051673129634,0.0029807858126630364,0.5621142873898817,-0.0,0.46035177158741325,-0.0
choline,-0.05741002472682604,0.07540572863405978,0.016487245963924098,2.3384566231160138,-0.0,1.96854533804422,1.1907172764195875
alpha-glycerophosphocholine,0.0239598704620893,0.012257905119564328,-0.06299290605930892,0.37472942151804556,-0.0,0.3192120936682142,-0.0
acetylcholine,0.03020562008516998,-0.15696036668344626,0.26625018832404584,3.0773361342677283,0.725153616156366,2.5943853358873423,1.8165572742627099
creatine,0.0476651515849584,-0.005917977508843833,-0.058664279169782944,1.3077509147219193,-0.0,1.0761423278164068,0.2983142661917745
creatinine,0.003912920418785429,-0.009588725617584117,-0.07263016471321763,4.374258429950041,2.0220759118386784,3.613140518865178,2.8353124572405455
thyroxine,-0.03049665737344109,-0.01675584822427692,0.004773989686701104,3.4973244381585036,1.1451419200471409,2.9151723024864067,2.137344240861774
trimethylamine-N-oxide,-0.05774049092628948,0.11591018973183762,0.014182752991578472,5.598169908740568,3.2459873906292054,4.476436312007479,3.698608250382847
hexoses (HILIC pos),-0.05964666064798593,0.020816630014124184,0.012390261309339835,0.9627661493312977,-0.0,0.7952750620375341,0.017447000412901717
adenosine,-0.0366461381774448,0.07673111474721553,-0.053094635152080454,0.6433515048709484,-0.0,0.5317182350421856,-0.0
thymidine,0.03347867397108331,-0.15388810029890262,0.16062841536870945,2.457827391378089,0.10564487326672668,2.06468626558782,1.286858203963188
xanthosine,-0.026575157812710665,-0.02085598950136795,-0.004531515774932694,2.4527376968943506,0.10055517878298802,2.064343006128543,1.286514944503911
2-deoxyadenosine,0.08104408936974498,-0.035137183098995536,0.014073473024930108,1.333922814958654,-0.0,1.0923300071465405,0.3145019455219081
2-deoxycytidine,0.057339293991974724,0.04138115111254568,0.10756845243592222,8.97971175386441,6.627529235753046,6.928559231417028,6.150731169792396
cAMP,0.011608104696345815,0.017986620955594033,0.004506976904455649,2.6392024422195397,0.28701992410817706,2.2315025962583457,1.4536745346337134
cotinine,0.022416975874784233,-0.05803362122680066,0.06626632135565837,0.5471626974831849,-0.0,0.45025268447512845,-0.0
pipecolic acid,-0.039460088957982906,0.051409344974482594,0.03749659351372174,1.1192488455033915,-0.0,0.9219079141957018,0.14407985257106948
pyroglutamic acid,-0.021996725649836752,-0.05184142313851442,0.014524880863601312,1.7155387059130511,-0.0,1.427814177028607,0.6499861154039748
1-methylnicotinamide,-0.16243959445085243,0.261955399516077,-0.36732413998157387,5.354561554517193,3.0023790364058307,4.344801717228037,3.566973655603405
butyrobetaine,0.05755981773564328,-0.051387563489212654,-0.0019625403779190346,1.6299778815684438,-0.0,1.356976609504706,0.5791485478800739
putrescine,-0.003986144868917463,0.04995933713130812,0.001742155482260507,1.0836330929043416,-0.0,0.8930383529509506,0.11521029132631828
methionine sulfoxide,-0.030940598189488508,-0.006254434158078265,0.0007749286844389515,1.648146774429268,-0.0,1.371511217710436,0.5936831560858039
carnitine,0.03014037778718172,-0.041174790158355415,0.009864480066255631,0.33666176947764653,-0.0,0.2833323277759907,-0.0
acetylcarnitine,0.05539711328304663,-0.030127477151400652,-0.053513395086472584,1.4094312492812453,-0.0,1.1576192762874458,0.37979121466281346
propionylcarnitine,0.03835974828364157,-0.05091466547910434,-0.03873955805663434,1.8953790503908754,-0.0,1.5806230302201365,0.8027949685955043
malonylcarnitine,0.015531048021774806,0.022339863142749012,-0.08204393750606562,1.2910210701714753,-0.0,1.0626901930271986,0.2848621314025662
butyrylcarnitine/isobutyrylcarnitine,0.0384243120079399,-0.025828618570871827,0.012162051528486862,0.3257932108758598,-0.0,0.2772906757884867,-0.0
valerylcarnitine/isovalerylcarnitine/2-methylbutyroylcarnitine,0.0067431553400345975,0.08426225688944457,-0.09998315379433582,1.0657763843271633,-0.0,0.8838555816107582,0.10602751998612582
hexanoylcarnitine,-0.025622402657647973,0.05070722424982814,-0.03386754746241966,0.2883536999431888,-0.0,0.2583904765657456,-0.0
heptanoylcarnitine,-0.04111123476688571,0.084601304011428,-0.0075918386518912615,3.8685615221814635,1.5163790040701008,3.199899591242342,2.4220715296177096
lauroylcarnitine,-0.03600076689094589,0.019150727537736115,0.07660144022988452,3.381981515228931,1.0297989971175687,2.835978971101456,2.0581509094768236
myristoylcarnitine,-0.03444158418365376,0.02488978013850878,0.08037573023979405,2.5682814203262643,0.2160989022149017,2.1703414116542263,1.3925133500295943
palmitoylcarnitine,-0.06938961207937776,0.054906936535707634,0.0996765146772117,3.1978580303264663,0.8456755122151036,2.67818442492134,1.9003563632967075
stearoylcarnitine,-0.05212505897687429,0.007871777598636616,0.1122880476312302,2.3532666868388,0.001084168727437848,1.9788077740162857,1.2009797123916532
oleylcarnitine,-0.05481436889184407,0.054641838961510786,0.08034833066787715,3.7584394675854202,1.4062569494740578,3.113827125571994,2.335999063947362
arachidonyl_carnitine,-0.008038724033165474,0.0034727120001710496,0.05830802283660377,4.346112370216672,1.9939298521053097,3.6067137088250454,2.828885647200413
sarcosine,0.030167664265476138,-0.10263220978155874,0.11898522276942523,4.844649722824382,2.4924672047130194,3.939625236055239,3.1617971744306064
beta-alanine,0.0406603573660352,-0.018221070996843825,-0.08419384148319693,3.5432246954399655,1.191042177328603,2.9392302043348035,2.161402142710171
anserine,-0.04786207197115836,0.021810242564251247,-0.006664394780781422,3.4892035702141255,1.137021052102763,2.9151723024864067,2.137344240861774
C14:0 LPC,-0.013690456549204647,0.005760448730222076,0.06284341893564942,5.891114176953621,3.538931658842258,4.618112904889883,3.84028484326525
C16:1 LPC,-0.015230800612484573,0.03793762063628349,-0.01079807033628221,1.885289710670096,-0.0,1.5744998777169585,0.7966718160923263
C16:0 LPC,-0.03785560561856265,0.03689702377761615,-0.01913212957185565,1.5301960392602072,-0.0,1.2679186325882426,0.49009057096361036
C18:2 LPC,0.006091183725056223,0.03261652678403121,-0.016539344696069026,0.7620251646883393,-0.0,0.6299507346170319,-0.0
C18:1 LPC,-0.005809128380960175,0.029192517766224287,-0.0749270603299688,4.529607651906946,2.1774251337955834,3.7220037136498068,2.9441756520251747
C18:0 LPC,-0.035364937121240086,0.025271235245542284,0.00018963492489825718,0.9300652198850019,-0.0,0.7737823541828732,-0.0
C20:4 LPC,-0.019987923558673706,0.022045528244041736,-0.04764336161121534,3.173649144043301,0.8214666259319388,2.669875047632966,1.8920469860083335
C20:3 LPC,-0.04363995890315937,0.027656082560846063,0.026351778906664628,1.2444199049751414,-0.0,1.0257762952339964,0.2479482336093642
C22:6 LPC,-0.008878386511205455,-0.006722115408056379,-0.006657328539229746,0.48167179475408456,-0.0,0.4105226438904497,-0.0
C16:0 LPE,-0.007968780846186527,0.06053804462193615,-0.025764750685471346,1.1187543948420025,-0.0,0.9219079141957018,0.14407985257106948
C18:1 LPE,-0.00348130751863724,0.04155351588700928,-0.011711517836977589,0.867197462088397,-0.0,0.7179610553139161,-0.0
C18:0 LPE,-0.02265366202511703,0.040146056200635,-0.0051762413254657,0.22326400492881696,-0.0,0.1994610902561922,-0.0
C20:4 LPE,-0.017831551516034428,0.028777934289882224,0.028224430596368928,3.5254988034546475,1.1733162853432848,2.9291911410157763,2.1513630793911442
C22:6 LPE,-0.02970673051630299,0.016494782152119875,0.03203116111564097,0.39142183421922805,-0.0,0.3306505395108871,-0.0
C32:2 PC,0.018310328037913617,0.015967094755426195,-0.014573839912122863,0.7918827501614665,-0.0,0.654544080097802,-0.0
C32:1 PC,0.004226521686556507,0.016998313345933106,0.027516728509004496,5.231191944676163,2.8790094265648003,4.276949435236838,3.4991213736122058
C32:0 PC,-0.015264086849297793,0.030733281197827585,0.024677698789761213,2.1459332653082366,-0.0,1.7980721209795167,1.0202440593548845
C34:4 PC,0.009501643582300398,0.006154864060604146,0.016835749746362184,2.172742315722281,-0.0,1.8205597976109187,1.0427317359862864
C34:3 PC,-0.00653626580607546,0.04139610584551655,-0.04320262209352614,0.30274380377939053,-0.0,0.2686246206307896,-0.0
C34:2 PC,0.009759319848836032,0.00471149856104832,-0.0076871398309196915,0.3073268464457785,-0.0,0.2690115487035694,-0.0
C34:1 PC,-0.004062928028264521,0.006493041902354974,0.03583342387902922,5.326210523600353,2.9740280054889903,4.335755841506583,3.557927779881951
C36:4 PC-A,0.020942016738848823,0.012876677601985105,-0.015971192017045246,0.25108650610243616,-0.0,0.2231864432887663,-0.0
C36:4 PC-B,-0.014437370857083803,0.028121036880989853,0.036535017122337456,4.879031242798802,2.5268487246874396,3.958212488846427,3.180384427221795
C36:3 PC,-0.00172096030204138,0.0328820533280779,-0.02642096965601239,0.30320253532711827,-0.0,0.2686246206307896,-0.0
C36:2 PC,0.006747570186925479,-0.0016705050834454334,-0.010938802420599365,0.0908892885577791,-0.0,0.08309904413152729,-0.0
C36:1 PC,-0.0175962721327461,0.011786630088042588,0.044816430548321774,3.4263741734346937,1.074191655323331,2.859521490334098,2.0816934287094657
C38:6 PC,-0.032891328315617245,0.08097576408339575,-0.0010962734807778234,4.820452535895634,2.4682700177842714,3.9306680156832274,3.1528399540585954
C38:5 PC,-0.025006595856206227,0.05099676301081553,-0.0028254456048967137,1.5006935186628678,-0.0,1.2419326857137405,0.4641046240891081
C38:4 PC,-0.002691741970813553,0.004561230597505472,0.04076053444062645,3.5701210708449223,1.2179385527335596,2.958301242227803,2.180473180603171
C38:2 PC,-0.013914718231896482,0.039052835612541865,-0.017951993266593393,0.13713947443075847,-0.0,0.1273796371416022,-0.0
C40:6 PC,-0.011706765742926745,0.04086754211793941,0.03257940923092698,6.231737510478452,3.8795549923670896,4.820887449804967,4.043059388180335
C14:0 SM,-0.010155069671831605,-0.016656595964451005,-0.008120021067364595,3.408934680436249,1.0567521623248863,2.856092711778468,2.078264650153836
C16:1 SM,0.005313035650533602,-0.004931733834565407,-0.011585193857211469,0.3189412165239106,-0.0,0.2742547363257611,-0.0
C16:0 SM,-0.012827658299657992,0.00980011129530326,-0.0015179235749037535,0.04123758350702469,-0.0,0.039554140890686894,-0.0
C18:2 SM,0.008485163739669961,0.0028662167439769096,0.034014835310265855,3.170799217025253,0.8186166989138907,2.669875047632966,1.8920469860083335
C18:1 SM,-0.021714230634836153,0.03976987598883494,0.018233546390836845,2.3707324637458935,0.01854994563453124,1.9870328941884663,1.209204832563834
C18:0 SM,-0.0085187292637525,0.017111083139530952,0.021739400852261108,0.6401516765053772,-0.0,0.5310072070803092,-0.0
C22:1 SM,0.005795578136439427,0.030172349248035336,-0.027150309792170032,1.0663962844906179,-0.0,0.8838555816107582,0.10602751998612582
C22:0 SM,-0.0031849988064467038,0.0041746141220264914,-0.013264136861502556,0.9320860154209035,-0.0,0.7737823541828732,-0.0
C24:1 SM,-0.03652346581028632,0.03073523229853298,-0.051999189627443175,4.78174997821402,2.429567460102657,3.9066887148223195,3.128860653197687
C24:0 SM,-0.03479259109090895,-0.07251763674351863,0.042018158464983024,3.6861462603877078,1.333963742276345,3.0582396118771342,2.2804115502525018
C34:2 DAG,0.017616808801353166,-0.07942282028334519,0.12249576754341285,0.7517701835874802,-0.0,0.6248969472019805,-0.0
C34:1 DAG,0.047357688558261064,-0.0049720923446319835,-0.010008486978677796,0.8747398404083515,-0.0,0.7212144092514117,-0.0
C36:2 DAG,0.0350356451100469,-0.015559635754115259,-0.004272315622239202,0.32987145094311016,-0.0,0.2787189284957288,-0.0
C36:1 DAG,0.027066213901197813,-0.027726125978225796,0.04424292493474018,3.21443500475041,0.8622524866390477,2.6883272893398744,1.910499227715242
C14:0 CE,0.014285187796660001,0.029482660445783463,-0.05536661360329052,0.6549205407984453,-0.0,0.5407841258158782,-0.0
C16:1 CE,-0.019454824635658164,0.05223645345724381,-0.08981045951149233,3.0713362447801473,0.719153726668785,2.594214990060485,1.8163869284358527
C16:0 CE,-0.03993015777439284,0.06501805502174059,-0.08401888932448692,3.413766710781417,1.0615841926700547,2.856092711778468,2.078264650153836
C18:3 CE,-0.033797857639866334,0.04331578705220111,-0.07838257942624749,3.970974179783191,1.6187916616718288,3.2720041754471723,2.4941761138225402
C18:2 CE,-0.030211731599713906,0.03485865627490661,-0.08395127149584997,3.3309997824610593,0.9788172643496971,2.7917306209925528,2.0139025593679203
C18:1 CE,0.00493410095185509,0.020484200362082015,-0.11631871735982659,5.757690454717536,3.4055079366061736,4.551635972284411,3.7738079106597793
C18:0 CE,0.014032576973374258,0.012421763060604859,-0.07555590535212736,2.7977709734406506,0.44558845532928826,2.364666547705362,1.5868384860807299
C20:5 CE,-0.007102118553333641,0.01878825436704951,-0.10414034516922104,4.746754339226873,2.3945718211155107,3.8859335149497833,3.1081054533251513
C20:4 CE,-0.026483029573495943,0.026794051569379553,-0.09499915237670632,4.16527621067763,1.8130936925662684,3.456546369052456,2.6787183074278236
C20:3 CE,-0.009041760915610783,0.05698420898837956,-0.1324661666544152,5.511526335527441,3.159343817416079,4.46037381308006,3.682545751455428
C22:6 CE,-0.019446419323187577,0.07600836971865207,-0.15648932382760947,5.429238202089559,3.0770556839781964,4.399274978712116,3.6214469170874835
C46:2 TAG,0.0036619036042486613,-0.08751410787402665,0.12451891850930145,2.1240113869295274,-0.0,1.784666093523337,1.0068380318987047
C46:1 TAG,0.00992027928103573,-0.0751572813356123,0.11372396696052564,1.8011476674654323,-0.0,1.5058700006905426,0.7280419390659102
C46:0 TAG,-0.018363539352414037,-0.0037022510905808034,0.05555914328650476,1.3241304281930617,-0.0,1.085891262388536,0.3080632007639037
C48:3 TAG,0.0004004555446323299,-0.18622621555679247,0.19113945788848913,0.9807395195056512,-0.0,0.8075339486874582,0.029705887062825866
C48:2 TAG,0.029458177987540718,-0.10652471504291826,0.10718761590942176,1.1263253355592757,-0.0,0.9233619301032931,0.14553386847866087
C48:1 TAG,0.021085759346065425,-0.11785439140170616,0.13836794326238816,1.0328958020856893,-0.0,0.856804543030008,0.07897648140537566
C48:0 TAG,-0.0006226537822022689,-0.052263509306592244,0.08573767876358795,0.5479875712210209,-0.0,0.45025268447512845,-0.0
C50:3 TAG,0.019261895843172585,-0.11111194438253917,0.11222933985250429,0.9724272077963793,-0.0,0.8020882776297894,0.02426021600515705
C50:2 TAG,0.036003122533592086,-0.09004972386762783,0.07630878573373445,0.8660235907693538,-0.0,0.7179610553139161,-0.0
C50:1 TAG,0.02232077845405202,-0.08268245686995049,0.09065890170055493,0.539530386994119,-0.0,0.44552575372819486,-0.0
C50:0 TAG,0.008558132244228663,-0.09933792559471026,0.11663919336882486,0.5698991086615287,-0.0,0.4656898569119728,-0.0
C52:5 TAG,0.007436475211456605,-0.08246128308281678,0.0820289289569321,0.32412182445322546,-0.0,0.2772906757884867,-0.0
C52:4 TAG,0.024771019196839966,-0.11492338299811898,0.10580506195803324,0.7215817708924569,-0.0,0.5998481741593683,-0.0
C52:3 TAG,0.04008227224148863,-0.09057582868627312,0.053089963815272916,0.7076163584769058,-0.0,0.5884299507576972,-0.0
C52:2 TAG,0.03969871000510743,-0.08155112770381895,0.05685962586651985,0.8269807164176785,-0.0,0.6869858027102738,-0.0
C52:1 TAG,0.02908946338495209,-0.10360692732399683,0.08431418354318357,0.5374994826094769,-0.0,0.44552575372819486,-0.0
C54:7 TAG,-0.0023607777755123073,-0.05311364717271007,0.06584077434369703,0.5352571821091279,-0.0,0.44552575372819486,-0.0
C54:6 TAG,-0.003085302267174399,-0.05824851006317137,0.08207565132949574,0.6878427234414499,-0.0,0.5711886522376365,-0.0
C54:5 TAG,0.0010278785502526447,-0.043182813224497615,0.06348221948885545,0.17884256506082472,-0.0,0.16311978079799172,-0.0
C54:4 TAG,0.028088052121623065,-0.09701568608421542,0.08037690363243034,0.41140584567964794,-0.0,0.3470250574985115,-0.0
C54:3 TAG,0.04251832636124722,-0.11403398658926261,0.05516860530272583,1.043681386448068,-0.0,0.8646851367489796,0.08685707512434732
C54:2 TAG,0.030886867298326237,-0.11276073334613718,0.08315926802810338,0.8330649504255883,-0.0,0.6903974468568568,-0.0
C54:1 TAG,0.0048416326834634475,-0.10036899757308361,0.09355420449390392,0.7671115133664205,-0.0,0.6324129394689643,-0.0
C56:8 TAG,0.00843064261130322,0.010522982761186473,0.03154973051077488,2.24091706147987,-0.0,1.8843697379660576,1.1065416763414253
C56:7 TAG,-0.008842505359759945,-0.009712822427400764,0.04306724335944664,0.48646835002494193,-0.0,0.4107476360868236,-0.0
C56:6 TAG,-0.018983895425328724,-0.018401831277479484,0.05479894094268639,0.37751987983846635,-0.0,0.3198035878886968,-0.0
C56:5 TAG,0.011945030435283183,-0.06686130411517441,0.07607767332335501,0.24810040191984845,-0.0,0.22225374473723736,-0.0
C56:4 TAG,0.04322795202057468,-0.13653400800031726,0.11831441975563511,1.2185289657659166,-0.0,1.003067014810961,0.22523895318632872
C56:3 TAG,0.035341266618382564,-0.11744228908654958,0.07694794643220557,0.857486961120792,-0.0,0.7121303190412792,-0.0
C56:2 TAG,0.024065629023067227,-0.1563391663734581,0.1439782438880021,0.9449947909262839,-0.0,0.7803329936513844,0.002504932026752152
C58:8 TAG,-0.009208492469821139,-0.03095325186375529,0.059660240825921036,0.1732584746925701,-0.0,0.15953245018581244,-0.0
C58:7 TAG,-0.008521198263169412,-0.043612145613081174,0.06671520379822572,0.04550387548621207,-0.0,0.04162622042301028,-0.0
C58:6 TAG,0.004236575395482454,-0.01693881203379473,0.02581117119093156,0.039554140890686894,-0.0,0.039554140890686894,-0.0
